--
-- PostgreSQL database dump
--

-- Dumped from database version 15.4
-- Dumped by pg_dump version 15.4

SET statement_timeout = 0;
SET lock_timeout = 0;
SET idle_in_transaction_session_timeout = 0;
SET client_encoding = 'UTF8';
SET standard_conforming_strings = on;
SELECT pg_catalog.set_config('search_path', '', false);
SET check_function_bodies = false;
SET xmloption = content;
SET client_min_messages = warning;
SET row_security = off;

SET default_tablespace = '';

SET default_table_access_method = heap;

--
-- Name: app_client; Type: TABLE; Schema: public; Owner: postgres
--

CREATE TABLE public.app_client (
    user_ptr_id integer NOT NULL,
    phone character varying(20) NOT NULL
);


ALTER TABLE public.app_client OWNER TO postgres;

--
-- Name: app_image; Type: TABLE; Schema: public; Owner: postgres
--

CREATE TABLE public.app_image (
    id uuid NOT NULL,
    file character varying(100) NOT NULL,
    product_id uuid NOT NULL
);


ALTER TABLE public.app_image OWNER TO postgres;

--
-- Name: app_money; Type: TABLE; Schema: public; Owner: postgres
--

CREATE TABLE public.app_money (
    id uuid NOT NULL,
    amount integer NOT NULL,
    currency character varying NOT NULL
);


ALTER TABLE public.app_money OWNER TO postgres;

--
-- Name: app_order; Type: TABLE; Schema: public; Owner: postgres
--

CREATE TABLE public.app_order (
    id uuid NOT NULL,
    created timestamp with time zone NOT NULL,
    client_id integer
);


ALTER TABLE public.app_order OWNER TO postgres;

--
-- Name: app_orderitem; Type: TABLE; Schema: public; Owner: postgres
--

CREATE TABLE public.app_orderitem (
    id uuid NOT NULL,
    quantity integer NOT NULL,
    order_id uuid NOT NULL,
    product_id uuid
);


ALTER TABLE public.app_orderitem OWNER TO postgres;

--
-- Name: app_product; Type: TABLE; Schema: public; Owner: postgres
--

CREATE TABLE public.app_product (
    id uuid NOT NULL,
    name character varying(512) NOT NULL,
    description character varying(4096) NOT NULL,
    price_discount_id uuid,
    price_standard_id uuid NOT NULL,
    available_quantity integer NOT NULL
);


ALTER TABLE public.app_product OWNER TO postgres;

--
-- Name: auth_group; Type: TABLE; Schema: public; Owner: postgres
--

CREATE TABLE public.auth_group (
    id integer NOT NULL,
    name character varying(150) NOT NULL
);


ALTER TABLE public.auth_group OWNER TO postgres;

--
-- Name: auth_group_id_seq; Type: SEQUENCE; Schema: public; Owner: postgres
--

ALTER TABLE public.auth_group ALTER COLUMN id ADD GENERATED BY DEFAULT AS IDENTITY (
    SEQUENCE NAME public.auth_group_id_seq
    START WITH 1
    INCREMENT BY 1
    NO MINVALUE
    NO MAXVALUE
    CACHE 1
);


--
-- Name: auth_group_permissions; Type: TABLE; Schema: public; Owner: postgres
--

CREATE TABLE public.auth_group_permissions (
    id bigint NOT NULL,
    group_id integer NOT NULL,
    permission_id integer NOT NULL
);


ALTER TABLE public.auth_group_permissions OWNER TO postgres;

--
-- Name: auth_group_permissions_id_seq; Type: SEQUENCE; Schema: public; Owner: postgres
--

ALTER TABLE public.auth_group_permissions ALTER COLUMN id ADD GENERATED BY DEFAULT AS IDENTITY (
    SEQUENCE NAME public.auth_group_permissions_id_seq
    START WITH 1
    INCREMENT BY 1
    NO MINVALUE
    NO MAXVALUE
    CACHE 1
);


--
-- Name: auth_permission; Type: TABLE; Schema: public; Owner: postgres
--

CREATE TABLE public.auth_permission (
    id integer NOT NULL,
    name character varying(255) NOT NULL,
    content_type_id integer NOT NULL,
    codename character varying(100) NOT NULL
);


ALTER TABLE public.auth_permission OWNER TO postgres;

--
-- Name: auth_permission_id_seq; Type: SEQUENCE; Schema: public; Owner: postgres
--

ALTER TABLE public.auth_permission ALTER COLUMN id ADD GENERATED BY DEFAULT AS IDENTITY (
    SEQUENCE NAME public.auth_permission_id_seq
    START WITH 1
    INCREMENT BY 1
    NO MINVALUE
    NO MAXVALUE
    CACHE 1
);


--
-- Name: auth_user; Type: TABLE; Schema: public; Owner: postgres
--

CREATE TABLE public.auth_user (
    id integer NOT NULL,
    password character varying(128) NOT NULL,
    last_login timestamp with time zone,
    is_superuser boolean NOT NULL,
    username character varying(150) NOT NULL,
    first_name character varying(150) NOT NULL,
    last_name character varying(150) NOT NULL,
    email character varying(254) NOT NULL,
    is_staff boolean NOT NULL,
    is_active boolean NOT NULL,
    date_joined timestamp with time zone NOT NULL
);


ALTER TABLE public.auth_user OWNER TO postgres;

--
-- Name: auth_user_groups; Type: TABLE; Schema: public; Owner: postgres
--

CREATE TABLE public.auth_user_groups (
    id bigint NOT NULL,
    user_id integer NOT NULL,
    group_id integer NOT NULL
);


ALTER TABLE public.auth_user_groups OWNER TO postgres;

--
-- Name: auth_user_groups_id_seq; Type: SEQUENCE; Schema: public; Owner: postgres
--

ALTER TABLE public.auth_user_groups ALTER COLUMN id ADD GENERATED BY DEFAULT AS IDENTITY (
    SEQUENCE NAME public.auth_user_groups_id_seq
    START WITH 1
    INCREMENT BY 1
    NO MINVALUE
    NO MAXVALUE
    CACHE 1
);


--
-- Name: auth_user_id_seq; Type: SEQUENCE; Schema: public; Owner: postgres
--

ALTER TABLE public.auth_user ALTER COLUMN id ADD GENERATED BY DEFAULT AS IDENTITY (
    SEQUENCE NAME public.auth_user_id_seq
    START WITH 1
    INCREMENT BY 1
    NO MINVALUE
    NO MAXVALUE
    CACHE 1
);


--
-- Name: auth_user_user_permissions; Type: TABLE; Schema: public; Owner: postgres
--

CREATE TABLE public.auth_user_user_permissions (
    id bigint NOT NULL,
    user_id integer NOT NULL,
    permission_id integer NOT NULL
);


ALTER TABLE public.auth_user_user_permissions OWNER TO postgres;

--
-- Name: auth_user_user_permissions_id_seq; Type: SEQUENCE; Schema: public; Owner: postgres
--

ALTER TABLE public.auth_user_user_permissions ALTER COLUMN id ADD GENERATED BY DEFAULT AS IDENTITY (
    SEQUENCE NAME public.auth_user_user_permissions_id_seq
    START WITH 1
    INCREMENT BY 1
    NO MINVALUE
    NO MAXVALUE
    CACHE 1
);


--
-- Name: django_admin_log; Type: TABLE; Schema: public; Owner: postgres
--

CREATE TABLE public.django_admin_log (
    id integer NOT NULL,
    action_time timestamp with time zone NOT NULL,
    object_id text,
    object_repr character varying(200) NOT NULL,
    action_flag smallint NOT NULL,
    change_message text NOT NULL,
    content_type_id integer,
    user_id integer NOT NULL,
    CONSTRAINT django_admin_log_action_flag_check CHECK ((action_flag >= 0))
);


ALTER TABLE public.django_admin_log OWNER TO postgres;

--
-- Name: django_admin_log_id_seq; Type: SEQUENCE; Schema: public; Owner: postgres
--

ALTER TABLE public.django_admin_log ALTER COLUMN id ADD GENERATED BY DEFAULT AS IDENTITY (
    SEQUENCE NAME public.django_admin_log_id_seq
    START WITH 1
    INCREMENT BY 1
    NO MINVALUE
    NO MAXVALUE
    CACHE 1
);


--
-- Name: django_content_type; Type: TABLE; Schema: public; Owner: postgres
--

CREATE TABLE public.django_content_type (
    id integer NOT NULL,
    app_label character varying(100) NOT NULL,
    model character varying(100) NOT NULL
);


ALTER TABLE public.django_content_type OWNER TO postgres;

--
-- Name: django_content_type_id_seq; Type: SEQUENCE; Schema: public; Owner: postgres
--

ALTER TABLE public.django_content_type ALTER COLUMN id ADD GENERATED BY DEFAULT AS IDENTITY (
    SEQUENCE NAME public.django_content_type_id_seq
    START WITH 1
    INCREMENT BY 1
    NO MINVALUE
    NO MAXVALUE
    CACHE 1
);


--
-- Name: django_migrations; Type: TABLE; Schema: public; Owner: postgres
--

CREATE TABLE public.django_migrations (
    id bigint NOT NULL,
    app character varying(255) NOT NULL,
    name character varying(255) NOT NULL,
    applied timestamp with time zone NOT NULL
);


ALTER TABLE public.django_migrations OWNER TO postgres;

--
-- Name: django_migrations_id_seq; Type: SEQUENCE; Schema: public; Owner: postgres
--

ALTER TABLE public.django_migrations ALTER COLUMN id ADD GENERATED BY DEFAULT AS IDENTITY (
    SEQUENCE NAME public.django_migrations_id_seq
    START WITH 1
    INCREMENT BY 1
    NO MINVALUE
    NO MAXVALUE
    CACHE 1
);


--
-- Name: django_session; Type: TABLE; Schema: public; Owner: postgres
--

CREATE TABLE public.django_session (
    session_key character varying(40) NOT NULL,
    session_data text NOT NULL,
    expire_date timestamp with time zone NOT NULL
);


ALTER TABLE public.django_session OWNER TO postgres;

--
-- Data for Name: app_client; Type: TABLE DATA; Schema: public; Owner: postgres
--

COPY public.app_client (user_ptr_id, phone) FROM stdin;
2	+37368268443
4	12345
5	123456
6	1234567
7	111111
8	111111222
9	+3736826844333
10	+3736826
11	+37368268443hh
12	+37368268443yy
13	+99991
14	+99992
15	+99993
16	+99994
17	+99995
18	+99996
19	+99997
20	+99998
21	+99999
22	+999910
23	9999911
24	99999112
25	999991123
\.


--
-- Data for Name: app_image; Type: TABLE DATA; Schema: public; Owner: postgres
--

COPY public.app_image (id, file, product_id) FROM stdin;
9d22917d-9f26-401e-98ef-ff0362239eb9	product-test_lkDqb7e.jpg	1d19c70a-5dc8-426c-897a-4d3b50e0796f
30f85ce8-87b7-465c-a1a5-e9e1dc322fcc	zoom_XApmDfj.jpg	5a2df0b8-b834-455a-89f9-969578647ff0
\.


--
-- Data for Name: app_money; Type: TABLE DATA; Schema: public; Owner: postgres
--

COPY public.app_money (id, amount, currency) FROM stdin;
ce410f1f-55ee-41fe-bab0-875b30b2890e	100	EUR
8d829f67-b260-4c14-ade8-aad29c0963d7	1000	EUR
3741e1a8-6b69-4da1-b902-b985cabb04d9	1000	EUR
d8f33a9f-2eb0-44a8-b1bd-6a02fbb76db3	1100	EUR
0952ea5e-fbdd-456a-8b62-40c606cb7c42	1100	EUR
038448a8-ef25-447d-a6b5-a747af5d606e	1200	EUR
89690260-1f84-435b-b83a-8cfc246fa097	1300	EUR
eead78de-62cd-491b-8a04-4e44dff535df	1300	USD
f51f5d4a-3d9d-47f8-b20b-042ff32b3126	1100	USD
3392ebdc-c29a-44df-928c-1d630475c226	1100	EUR
3e9fd806-7036-43d5-9c93-8308f8cf78ee	1100	EUR
f6f6ca8c-7a99-4b90-a825-342cbcfd6f84	1100	EUR
7a9581d3-a604-4c10-b006-8aecefc542f5	1100	EUR
b05d9290-7543-46a7-a995-25e01f6e76aa	1100	EUR
5a7f687a-e89f-4fb1-b400-9ee7b7377c11	11002	USD
551061eb-f273-4639-9151-01e1ff35e7e9	111	USD
5f938eff-0c23-46bf-b9eb-54eda6b64fa9	111	USD
74037011-2871-45f3-bc1b-4e553d6e2e2b	111	USD
92ac075a-e0b1-4e05-b4b4-29590fc96aad	111	USD
71c1c7b8-1956-40a5-93c9-f1e7c93fe1b3	1000	EUR
0a00990b-01d5-474b-95bc-7388847ef979	1200	EUR
2d0c7826-77be-4097-885f-3d413ef2f620	1100	EUR
095a8535-9be0-4f19-85c3-96c2e33788dc	1100	EUR
69e80445-99cd-43e9-ae7c-3e205b02fc32	11002	EUR
94270cc5-a4e1-4621-b820-e47ab6ac41de	1000	EUR
aab614ea-f6f3-4676-9bf9-73e8d05beba1	1200	EUR
8b73d581-9e42-4464-989d-23332e366db7	2000	EUR
3a45d305-c1be-4efa-b14f-84bcf0ea6d9d	111	EUR
dc062646-eae9-449d-8bfb-42eff1647f04	111	EUR
9e41a763-8079-49d1-8fa0-edf3a58220cb	111	EUR
78c47067-28a1-4e5c-be7b-25f1a7b300f8	112	USD
b54a2b41-0451-49d0-9502-bb9bb4cc1621	112	USD
15ed4d73-a710-44fb-836c-7aae5e840a88	112	USD
5070df28-4349-40c5-acfc-05846d22ffe6	112	USD
5474c0f1-80cb-45a1-8c66-6cc9a8bad317	112	USD
6f4c54aa-7324-45df-86db-082df5ac5e3f	112	USD
f73aec86-e5fe-47b5-994e-c255bd0453b3	1000	EUR
f1aa9900-658b-447b-bd3f-9b54258a4e1e	1200	EUR
3b165647-c166-49f4-8cc0-552700b37636	111	USD
06c3532a-0946-43af-a200-fe0c2a86e793	111	USD
\.


--
-- Data for Name: app_order; Type: TABLE DATA; Schema: public; Owner: postgres
--

COPY public.app_order (id, created, client_id) FROM stdin;
fc49ca3b-8304-4714-bdaa-90f1bbd0b7fd	2024-03-11 23:46:01.192044+02	2
e56e6bf3-2712-4180-8442-fa20aa024428	2024-03-12 00:18:13.824247+02	4
9c3c7290-0238-4755-8543-37f1ba891564	2024-03-12 00:54:09.013537+02	5
b94b1be0-8534-4eec-a885-a87554e99812	2024-03-12 00:55:02.065214+02	6
7576bb1c-a9f1-42a0-80fe-f1749a7d82e7	2024-03-13 19:19:31.379482+02	7
b8ebea0a-c817-4209-ab0e-4a645f617532	2024-03-13 19:30:54.330653+02	8
775087a8-d38f-4693-8c4f-56ef0bdb17bd	2024-03-13 19:54:41.579479+02	9
ae97daad-bb3e-4ed6-b8af-e026b5b766d3	2024-03-17 16:00:05.516272+02	10
3473bd09-19d3-4150-9209-7b234a7d77eb	2024-03-17 17:01:04.797859+02	11
898f2259-03a3-4c39-a2e9-7bc922d1f715	2024-03-18 20:37:55.58604+02	12
9676a262-1844-4bc2-ba1f-6a9c747b23d0	2024-03-18 20:41:52.109563+02	13
71d323eb-0c8a-472d-b268-5f38bcbfb490	2024-03-18 20:45:21.905363+02	14
562df5b9-ef8c-4277-b486-bfed94405119	2024-03-18 20:48:03.169215+02	15
b73d0616-554d-4725-847b-002f5a0b417d	2024-03-18 20:55:43.391835+02	16
3cde2bd7-bd7e-4a78-9e3a-7e125acbe69a	2024-03-18 21:26:47.561904+02	17
f08a003f-e3a8-4c22-8814-10400c6fb1a0	2024-03-18 21:30:49.434131+02	18
f91c35b6-0ef0-4f8c-b046-39887202dd31	2024-03-18 22:09:24.977622+02	19
c93a89ac-842a-42b7-af79-9e8f7a39aa4d	2024-03-18 22:11:25.075339+02	20
e713185c-4fa7-4743-9d63-62d83fefc938	2024-03-18 22:24:59.99885+02	21
41137736-c369-48c5-a3c3-34466bfa76ef	2024-03-18 22:27:55.899937+02	22
4f933fae-a492-43b3-a445-bf6864e88fcf	2024-03-18 22:29:24.234514+02	23
a7d13d31-a511-4478-be25-aead1247a285	2024-03-19 01:32:08.317485+02	24
831fc7d3-e2d2-49ef-9937-805c80f09507	2024-03-19 02:06:28.351134+02	25
\.


--
-- Data for Name: app_orderitem; Type: TABLE DATA; Schema: public; Owner: postgres
--

COPY public.app_orderitem (id, quantity, order_id, product_id) FROM stdin;
cb4b9509-4a08-463b-8a90-9323924a13bf	1	fc49ca3b-8304-4714-bdaa-90f1bbd0b7fd	1d19c70a-5dc8-426c-897a-4d3b50e0796f
7c75cbf2-e928-4d04-83cf-3d2566453e68	1	e56e6bf3-2712-4180-8442-fa20aa024428	1d19c70a-5dc8-426c-897a-4d3b50e0796f
48dcbba2-d7ec-4c34-9148-8c67b8659202	1	9c3c7290-0238-4755-8543-37f1ba891564	1d19c70a-5dc8-426c-897a-4d3b50e0796f
9f1952fe-1ead-4c8a-bc65-53f819dbb055	1	b94b1be0-8534-4eec-a885-a87554e99812	1d19c70a-5dc8-426c-897a-4d3b50e0796f
335da514-b7ad-4739-a29d-365acdb6feb6	1	7576bb1c-a9f1-42a0-80fe-f1749a7d82e7	1d19c70a-5dc8-426c-897a-4d3b50e0796f
9458e253-0284-41bb-8feb-5bc50d05d90f	1	b8ebea0a-c817-4209-ab0e-4a645f617532	1d19c70a-5dc8-426c-897a-4d3b50e0796f
27ea45fb-cda8-4dfd-9a8a-2809bbc0338c	1	775087a8-d38f-4693-8c4f-56ef0bdb17bd	1d19c70a-5dc8-426c-897a-4d3b50e0796f
943c02fe-334b-4872-99c0-be5690623d06	1	ae97daad-bb3e-4ed6-b8af-e026b5b766d3	1d19c70a-5dc8-426c-897a-4d3b50e0796f
8c8ab571-0f3b-462c-b81b-8d9af5f9445d	1	3473bd09-19d3-4150-9209-7b234a7d77eb	1d19c70a-5dc8-426c-897a-4d3b50e0796f
2c1ac640-6e45-4b12-8693-775509a2112c	1	898f2259-03a3-4c39-a2e9-7bc922d1f715	1d19c70a-5dc8-426c-897a-4d3b50e0796f
04c2b59c-6f23-427e-9389-37e6caf7d87f	1	9676a262-1844-4bc2-ba1f-6a9c747b23d0	1d19c70a-5dc8-426c-897a-4d3b50e0796f
0fff64bf-388f-4495-bdfe-8f7720a6cd5d	1	71d323eb-0c8a-472d-b268-5f38bcbfb490	1d19c70a-5dc8-426c-897a-4d3b50e0796f
4907f06d-7297-4be5-978d-db06ff509c91	1	562df5b9-ef8c-4277-b486-bfed94405119	1d19c70a-5dc8-426c-897a-4d3b50e0796f
3c218a42-4263-4e71-ae71-b6c5caf22056	1	b73d0616-554d-4725-847b-002f5a0b417d	1d19c70a-5dc8-426c-897a-4d3b50e0796f
a1823470-ad12-43b1-b662-49fdd4d2397b	1	3cde2bd7-bd7e-4a78-9e3a-7e125acbe69a	1d19c70a-5dc8-426c-897a-4d3b50e0796f
db928460-114e-4ac4-bcd2-13091228af58	1	f08a003f-e3a8-4c22-8814-10400c6fb1a0	1d19c70a-5dc8-426c-897a-4d3b50e0796f
b10b0f92-4e7f-4fff-8df7-375abe2272f9	1	f91c35b6-0ef0-4f8c-b046-39887202dd31	1d19c70a-5dc8-426c-897a-4d3b50e0796f
af591579-769f-4012-90cb-e6946fbd956b	1	c93a89ac-842a-42b7-af79-9e8f7a39aa4d	1d19c70a-5dc8-426c-897a-4d3b50e0796f
77c9f481-21d5-4730-ad84-daba54f5a017	1	e713185c-4fa7-4743-9d63-62d83fefc938	1d19c70a-5dc8-426c-897a-4d3b50e0796f
4c7cb894-1089-44ae-bc9e-7104fe8d1cf6	1	41137736-c369-48c5-a3c3-34466bfa76ef	1d19c70a-5dc8-426c-897a-4d3b50e0796f
ab0a3d2d-8b31-433b-99d5-6acaac199f0a	1	4f933fae-a492-43b3-a445-bf6864e88fcf	1d19c70a-5dc8-426c-897a-4d3b50e0796f
2ecec26c-8841-4e29-8256-3221545b9dec	1	a7d13d31-a511-4478-be25-aead1247a285	1d19c70a-5dc8-426c-897a-4d3b50e0796f
50dc00ef-ab5a-4d9f-9e8d-86d1afc8e9b6	1	831fc7d3-e2d2-49ef-9937-805c80f09507	1d19c70a-5dc8-426c-897a-4d3b50e0796f
\.


--
-- Data for Name: app_product; Type: TABLE DATA; Schema: public; Owner: postgres
--

COPY public.app_product (id, name, description, price_discount_id, price_standard_id, available_quantity) FROM stdin;
1d19c70a-5dc8-426c-897a-4d3b50e0796f	Test name from the form 1	test description 1	\N	f1aa9900-658b-447b-bd3f-9b54258a4e1e	0
5a2df0b8-b834-455a-89f9-969578647ff0	Test name from the form 2	Test description 2	\N	06c3532a-0946-43af-a200-fe0c2a86e793	0
\.


--
-- Data for Name: auth_group; Type: TABLE DATA; Schema: public; Owner: postgres
--

COPY public.auth_group (id, name) FROM stdin;
\.


--
-- Data for Name: auth_group_permissions; Type: TABLE DATA; Schema: public; Owner: postgres
--

COPY public.auth_group_permissions (id, group_id, permission_id) FROM stdin;
\.


--
-- Data for Name: auth_permission; Type: TABLE DATA; Schema: public; Owner: postgres
--

COPY public.auth_permission (id, name, content_type_id, codename) FROM stdin;
1	Can add log entry	1	add_logentry
2	Can change log entry	1	change_logentry
3	Can delete log entry	1	delete_logentry
4	Can view log entry	1	view_logentry
5	Can add permission	2	add_permission
6	Can change permission	2	change_permission
7	Can delete permission	2	delete_permission
8	Can view permission	2	view_permission
9	Can add group	3	add_group
10	Can change group	3	change_group
11	Can delete group	3	delete_group
12	Can view group	3	view_group
13	Can add user	4	add_user
14	Can change user	4	change_user
15	Can delete user	4	delete_user
16	Can view user	4	view_user
17	Can add content type	5	add_contenttype
18	Can change content type	5	change_contenttype
19	Can delete content type	5	delete_contenttype
20	Can view content type	5	view_contenttype
21	Can add session	6	add_session
22	Can change session	6	change_session
23	Can delete session	6	delete_session
24	Can view session	6	view_session
25	Can add money	7	add_money
26	Can change money	7	change_money
27	Can delete money	7	delete_money
28	Can view money	7	view_money
29	Can add product	8	add_product
30	Can change product	8	change_product
31	Can delete product	8	delete_product
32	Can view product	8	view_product
33	Can add order	9	add_order
34	Can change order	9	change_order
35	Can delete order	9	delete_order
36	Can view order	9	view_order
37	Can add order item	10	add_orderitem
38	Can change order item	10	change_orderitem
39	Can delete order item	10	delete_orderitem
40	Can view order item	10	view_orderitem
41	Can add image	11	add_image
42	Can change image	11	change_image
43	Can delete image	11	delete_image
44	Can view image	11	view_image
45	Can add client	12	add_client
46	Can change client	12	change_client
47	Can delete client	12	delete_client
48	Can view client	12	view_client
\.


--
-- Data for Name: auth_user; Type: TABLE DATA; Schema: public; Owner: postgres
--

COPY public.auth_user (id, password, last_login, is_superuser, username, first_name, last_name, email, is_staff, is_active, date_joined) FROM stdin;
2		\N	f				walter@email.com	f	t	2024-03-11 23:46:01.183046+02
4		\N	f	test4@email.com			test4@email.com	f	t	2024-03-12 00:18:13.814743+02
5		\N	f	test7@email.com			test7@email.com	f	t	2024-03-12 00:54:09.00154+02
6		\N	f	test8@email.com			test8@email.com	f	t	2024-03-12 00:55:02.055212+02
7		\N	f	t8@email.com			t8@email.com	f	t	2024-03-13 19:19:31.318145+02
8		\N	f	t8@email.commm			t8@email.commm	f	t	2024-03-13 19:30:54.318838+02
9		\N	f	t8@email.commmm			t8@email.commmm	f	t	2024-03-13 19:54:41.568648+02
10		\N	f	t8@email.c			t8@email.c	f	t	2024-03-17 16:00:05.461882+02
11		\N	f	vasile.andruscenco@gmail.comhh			vasile.andruscenco@gmail.comhh	f	t	2024-03-17 17:01:04.782342+02
12		\N	f	vasile.andruscenco@gmail.comtt			vasile.andruscenco@gmail.comtt	f	t	2024-03-18 20:37:55.534039+02
13		\N	f	vasile.an@fad			vasile.an@fad	f	t	2024-03-18 20:41:52.090124+02
14		\N	f	vasile.an@fadd			vasile.an@fadd	f	t	2024-03-18 20:45:21.895682+02
15		\N	f	vasile.an@f			vasile.an@f	f	t	2024-03-18 20:48:03.148983+02
16		\N	f	vasile.an@fqq			vasile.an@fqq	f	t	2024-03-18 20:55:43.370081+02
17		\N	f	vasile.an@fqqmm			vasile.an@fqqmm	f	t	2024-03-18 21:26:47.551905+02
18		\N	f	vasile.an@fqqmmc			vasile.an@fqqmmc	f	t	2024-03-18 21:30:49.414142+02
19		\N	f	vasile.an@fqqmmcvv			vasile.an@fqqmmcvv	f	t	2024-03-18 22:09:24.966622+02
20		\N	f	vasile.an@fqqmmcvvmmm			vasile.an@fqqmmcvvmmm	f	t	2024-03-18 22:11:25.063727+02
21		\N	f	vasile.an@vv			vasile.an@vv	f	t	2024-03-18 22:24:59.987851+02
22		\N	f	vasile.an@vvuuu			vasile.an@vvuuu	f	t	2024-03-18 22:27:55.889934+02
23		\N	f	vasile.an@vvuuuii			vasile.an@vvuuuii	f	t	2024-03-18 22:29:24.224512+02
24		\N	f	vasile.an@vvuuuiiww			vasile.an@vvuuuiiww	f	t	2024-03-19 01:32:08.291695+02
25		\N	f	vasile.an@vvuuuiiwwnnn			vasile.an@vvuuuiiwwnnn	f	t	2024-03-19 02:06:28.328634+02
\.


--
-- Data for Name: auth_user_groups; Type: TABLE DATA; Schema: public; Owner: postgres
--

COPY public.auth_user_groups (id, user_id, group_id) FROM stdin;
\.


--
-- Data for Name: auth_user_user_permissions; Type: TABLE DATA; Schema: public; Owner: postgres
--

COPY public.auth_user_user_permissions (id, user_id, permission_id) FROM stdin;
\.


--
-- Data for Name: django_admin_log; Type: TABLE DATA; Schema: public; Owner: postgres
--

COPY public.django_admin_log (id, action_time, object_id, object_repr, action_flag, change_message, content_type_id, user_id) FROM stdin;
\.


--
-- Data for Name: django_content_type; Type: TABLE DATA; Schema: public; Owner: postgres
--

COPY public.django_content_type (id, app_label, model) FROM stdin;
1	admin	logentry
2	auth	permission
3	auth	group
4	auth	user
5	contenttypes	contenttype
6	sessions	session
7	app	money
8	app	product
9	app	order
10	app	orderitem
11	app	image
12	app	client
\.


--
-- Data for Name: django_migrations; Type: TABLE DATA; Schema: public; Owner: postgres
--

COPY public.django_migrations (id, app, name, applied) FROM stdin;
1	contenttypes	0001_initial	2024-01-11 19:35:25.478339+02
2	auth	0001_initial	2024-01-11 19:35:25.62334+02
3	admin	0001_initial	2024-01-11 19:35:25.664338+02
4	admin	0002_logentry_remove_auto_add	2024-01-11 19:35:25.670341+02
5	admin	0003_logentry_add_action_flag_choices	2024-01-11 19:35:25.677341+02
6	contenttypes	0002_remove_content_type_name	2024-01-11 19:35:25.694341+02
7	auth	0002_alter_permission_name_max_length	2024-01-11 19:35:25.70234+02
8	auth	0003_alter_user_email_max_length	2024-01-11 19:35:25.711344+02
9	auth	0004_alter_user_username_opts	2024-01-11 19:35:25.720341+02
10	auth	0005_alter_user_last_login_null	2024-01-11 19:35:25.729338+02
11	auth	0006_require_contenttypes_0002	2024-01-11 19:35:25.732338+02
12	auth	0007_alter_validators_add_error_messages	2024-01-11 19:35:25.738339+02
13	auth	0008_alter_user_username_max_length	2024-01-11 19:35:25.756339+02
14	auth	0009_alter_user_last_name_max_length	2024-01-11 19:35:25.764339+02
15	auth	0010_alter_group_name_max_length	2024-01-11 19:35:25.774341+02
16	auth	0011_update_proxy_permissions	2024-01-11 19:35:25.781343+02
17	auth	0012_alter_user_first_name_max_length	2024-01-11 19:35:25.789341+02
18	sessions	0001_initial	2024-01-11 19:35:25.816339+02
19	app	0001_initial	2024-01-11 19:53:37.127943+02
20	app	0002_product_available_quantity	2024-01-18 18:05:31.517084+02
21	app	0003_order	2024-01-19 15:35:50.461316+02
22	app	0004_alter_product_price_discount	2024-01-19 16:03:31.573424+02
23	app	0005_orderitem	2024-01-19 22:54:45.680317+02
24	app	0006_alter_orderitem_product	2024-01-30 14:38:50.81437+02
25	app	0007_order_created	2024-01-30 15:20:22.802308+02
26	app	0008_alter_product_image	2024-02-20 13:13:06.384422+02
27	app	0009_remove_product_image_image	2024-02-20 14:55:33.833979+02
28	app	0010_rename_image_image_file	2024-02-20 15:20:19.129335+02
29	app	0011_client_order_client	2024-02-29 15:53:59.06951+02
30	app	0012_alter_order_client	2024-02-29 15:53:59.19751+02
31	app	0013_delete_client_client_alter_order_client	2024-02-29 16:03:47.913465+02
32	app	0014_alter_order_client	2024-03-11 23:41:16.825145+02
\.


--
-- Data for Name: django_session; Type: TABLE DATA; Schema: public; Owner: postgres
--

COPY public.django_session (session_key, session_data, expire_date) FROM stdin;
\.


--
-- Name: auth_group_id_seq; Type: SEQUENCE SET; Schema: public; Owner: postgres
--

SELECT pg_catalog.setval('public.auth_group_id_seq', 1, false);


--
-- Name: auth_group_permissions_id_seq; Type: SEQUENCE SET; Schema: public; Owner: postgres
--

SELECT pg_catalog.setval('public.auth_group_permissions_id_seq', 1, false);


--
-- Name: auth_permission_id_seq; Type: SEQUENCE SET; Schema: public; Owner: postgres
--

SELECT pg_catalog.setval('public.auth_permission_id_seq', 48, true);


--
-- Name: auth_user_groups_id_seq; Type: SEQUENCE SET; Schema: public; Owner: postgres
--

SELECT pg_catalog.setval('public.auth_user_groups_id_seq', 1, false);


--
-- Name: auth_user_id_seq; Type: SEQUENCE SET; Schema: public; Owner: postgres
--

SELECT pg_catalog.setval('public.auth_user_id_seq', 25, true);


--
-- Name: auth_user_user_permissions_id_seq; Type: SEQUENCE SET; Schema: public; Owner: postgres
--

SELECT pg_catalog.setval('public.auth_user_user_permissions_id_seq', 1, false);


--
-- Name: django_admin_log_id_seq; Type: SEQUENCE SET; Schema: public; Owner: postgres
--

SELECT pg_catalog.setval('public.django_admin_log_id_seq', 1, false);


--
-- Name: django_content_type_id_seq; Type: SEQUENCE SET; Schema: public; Owner: postgres
--

SELECT pg_catalog.setval('public.django_content_type_id_seq', 12, true);


--
-- Name: django_migrations_id_seq; Type: SEQUENCE SET; Schema: public; Owner: postgres
--

SELECT pg_catalog.setval('public.django_migrations_id_seq', 32, true);


--
-- Name: app_client app_client_pkey; Type: CONSTRAINT; Schema: public; Owner: postgres
--

ALTER TABLE ONLY public.app_client
    ADD CONSTRAINT app_client_pkey PRIMARY KEY (user_ptr_id);


--
-- Name: app_image app_image_pkey; Type: CONSTRAINT; Schema: public; Owner: postgres
--

ALTER TABLE ONLY public.app_image
    ADD CONSTRAINT app_image_pkey PRIMARY KEY (id);


--
-- Name: app_money app_money_pkey; Type: CONSTRAINT; Schema: public; Owner: postgres
--

ALTER TABLE ONLY public.app_money
    ADD CONSTRAINT app_money_pkey PRIMARY KEY (id);


--
-- Name: app_order app_order_pkey; Type: CONSTRAINT; Schema: public; Owner: postgres
--

ALTER TABLE ONLY public.app_order
    ADD CONSTRAINT app_order_pkey PRIMARY KEY (id);


--
-- Name: app_orderitem app_orderitem_pkey; Type: CONSTRAINT; Schema: public; Owner: postgres
--

ALTER TABLE ONLY public.app_orderitem
    ADD CONSTRAINT app_orderitem_pkey PRIMARY KEY (id);


--
-- Name: app_product app_product_pkey; Type: CONSTRAINT; Schema: public; Owner: postgres
--

ALTER TABLE ONLY public.app_product
    ADD CONSTRAINT app_product_pkey PRIMARY KEY (id);


--
-- Name: app_product app_product_price_discount_id_key; Type: CONSTRAINT; Schema: public; Owner: postgres
--

ALTER TABLE ONLY public.app_product
    ADD CONSTRAINT app_product_price_discount_id_key UNIQUE (price_discount_id);


--
-- Name: app_product app_product_price_standard_id_key; Type: CONSTRAINT; Schema: public; Owner: postgres
--

ALTER TABLE ONLY public.app_product
    ADD CONSTRAINT app_product_price_standard_id_key UNIQUE (price_standard_id);


--
-- Name: auth_group auth_group_name_key; Type: CONSTRAINT; Schema: public; Owner: postgres
--

ALTER TABLE ONLY public.auth_group
    ADD CONSTRAINT auth_group_name_key UNIQUE (name);


--
-- Name: auth_group_permissions auth_group_permissions_group_id_permission_id_0cd325b0_uniq; Type: CONSTRAINT; Schema: public; Owner: postgres
--

ALTER TABLE ONLY public.auth_group_permissions
    ADD CONSTRAINT auth_group_permissions_group_id_permission_id_0cd325b0_uniq UNIQUE (group_id, permission_id);


--
-- Name: auth_group_permissions auth_group_permissions_pkey; Type: CONSTRAINT; Schema: public; Owner: postgres
--

ALTER TABLE ONLY public.auth_group_permissions
    ADD CONSTRAINT auth_group_permissions_pkey PRIMARY KEY (id);


--
-- Name: auth_group auth_group_pkey; Type: CONSTRAINT; Schema: public; Owner: postgres
--

ALTER TABLE ONLY public.auth_group
    ADD CONSTRAINT auth_group_pkey PRIMARY KEY (id);


--
-- Name: auth_permission auth_permission_content_type_id_codename_01ab375a_uniq; Type: CONSTRAINT; Schema: public; Owner: postgres
--

ALTER TABLE ONLY public.auth_permission
    ADD CONSTRAINT auth_permission_content_type_id_codename_01ab375a_uniq UNIQUE (content_type_id, codename);


--
-- Name: auth_permission auth_permission_pkey; Type: CONSTRAINT; Schema: public; Owner: postgres
--

ALTER TABLE ONLY public.auth_permission
    ADD CONSTRAINT auth_permission_pkey PRIMARY KEY (id);


--
-- Name: auth_user_groups auth_user_groups_pkey; Type: CONSTRAINT; Schema: public; Owner: postgres
--

ALTER TABLE ONLY public.auth_user_groups
    ADD CONSTRAINT auth_user_groups_pkey PRIMARY KEY (id);


--
-- Name: auth_user_groups auth_user_groups_user_id_group_id_94350c0c_uniq; Type: CONSTRAINT; Schema: public; Owner: postgres
--

ALTER TABLE ONLY public.auth_user_groups
    ADD CONSTRAINT auth_user_groups_user_id_group_id_94350c0c_uniq UNIQUE (user_id, group_id);


--
-- Name: auth_user auth_user_pkey; Type: CONSTRAINT; Schema: public; Owner: postgres
--

ALTER TABLE ONLY public.auth_user
    ADD CONSTRAINT auth_user_pkey PRIMARY KEY (id);


--
-- Name: auth_user_user_permissions auth_user_user_permissions_pkey; Type: CONSTRAINT; Schema: public; Owner: postgres
--

ALTER TABLE ONLY public.auth_user_user_permissions
    ADD CONSTRAINT auth_user_user_permissions_pkey PRIMARY KEY (id);


--
-- Name: auth_user_user_permissions auth_user_user_permissions_user_id_permission_id_14a6b632_uniq; Type: CONSTRAINT; Schema: public; Owner: postgres
--

ALTER TABLE ONLY public.auth_user_user_permissions
    ADD CONSTRAINT auth_user_user_permissions_user_id_permission_id_14a6b632_uniq UNIQUE (user_id, permission_id);


--
-- Name: auth_user auth_user_username_key; Type: CONSTRAINT; Schema: public; Owner: postgres
--

ALTER TABLE ONLY public.auth_user
    ADD CONSTRAINT auth_user_username_key UNIQUE (username);


--
-- Name: django_admin_log django_admin_log_pkey; Type: CONSTRAINT; Schema: public; Owner: postgres
--

ALTER TABLE ONLY public.django_admin_log
    ADD CONSTRAINT django_admin_log_pkey PRIMARY KEY (id);


--
-- Name: django_content_type django_content_type_app_label_model_76bd3d3b_uniq; Type: CONSTRAINT; Schema: public; Owner: postgres
--

ALTER TABLE ONLY public.django_content_type
    ADD CONSTRAINT django_content_type_app_label_model_76bd3d3b_uniq UNIQUE (app_label, model);


--
-- Name: django_content_type django_content_type_pkey; Type: CONSTRAINT; Schema: public; Owner: postgres
--

ALTER TABLE ONLY public.django_content_type
    ADD CONSTRAINT django_content_type_pkey PRIMARY KEY (id);


--
-- Name: django_migrations django_migrations_pkey; Type: CONSTRAINT; Schema: public; Owner: postgres
--

ALTER TABLE ONLY public.django_migrations
    ADD CONSTRAINT django_migrations_pkey PRIMARY KEY (id);


--
-- Name: django_session django_session_pkey; Type: CONSTRAINT; Schema: public; Owner: postgres
--

ALTER TABLE ONLY public.django_session
    ADD CONSTRAINT django_session_pkey PRIMARY KEY (session_key);


--
-- Name: app_image_product_id_bc91e206; Type: INDEX; Schema: public; Owner: postgres
--

CREATE INDEX app_image_product_id_bc91e206 ON public.app_image USING btree (product_id);


--
-- Name: app_order_client_id_ec56fda0; Type: INDEX; Schema: public; Owner: postgres
--

CREATE INDEX app_order_client_id_ec56fda0 ON public.app_order USING btree (client_id);


--
-- Name: app_orderitem_order_id_41257a1b; Type: INDEX; Schema: public; Owner: postgres
--

CREATE INDEX app_orderitem_order_id_41257a1b ON public.app_orderitem USING btree (order_id);


--
-- Name: app_orderitem_product_id_5f40ddb0; Type: INDEX; Schema: public; Owner: postgres
--

CREATE INDEX app_orderitem_product_id_5f40ddb0 ON public.app_orderitem USING btree (product_id);


--
-- Name: auth_group_name_a6ea08ec_like; Type: INDEX; Schema: public; Owner: postgres
--

CREATE INDEX auth_group_name_a6ea08ec_like ON public.auth_group USING btree (name varchar_pattern_ops);


--
-- Name: auth_group_permissions_group_id_b120cbf9; Type: INDEX; Schema: public; Owner: postgres
--

CREATE INDEX auth_group_permissions_group_id_b120cbf9 ON public.auth_group_permissions USING btree (group_id);


--
-- Name: auth_group_permissions_permission_id_84c5c92e; Type: INDEX; Schema: public; Owner: postgres
--

CREATE INDEX auth_group_permissions_permission_id_84c5c92e ON public.auth_group_permissions USING btree (permission_id);


--
-- Name: auth_permission_content_type_id_2f476e4b; Type: INDEX; Schema: public; Owner: postgres
--

CREATE INDEX auth_permission_content_type_id_2f476e4b ON public.auth_permission USING btree (content_type_id);


--
-- Name: auth_user_groups_group_id_97559544; Type: INDEX; Schema: public; Owner: postgres
--

CREATE INDEX auth_user_groups_group_id_97559544 ON public.auth_user_groups USING btree (group_id);


--
-- Name: auth_user_groups_user_id_6a12ed8b; Type: INDEX; Schema: public; Owner: postgres
--

CREATE INDEX auth_user_groups_user_id_6a12ed8b ON public.auth_user_groups USING btree (user_id);


--
-- Name: auth_user_user_permissions_permission_id_1fbb5f2c; Type: INDEX; Schema: public; Owner: postgres
--

CREATE INDEX auth_user_user_permissions_permission_id_1fbb5f2c ON public.auth_user_user_permissions USING btree (permission_id);


--
-- Name: auth_user_user_permissions_user_id_a95ead1b; Type: INDEX; Schema: public; Owner: postgres
--

CREATE INDEX auth_user_user_permissions_user_id_a95ead1b ON public.auth_user_user_permissions USING btree (user_id);


--
-- Name: auth_user_username_6821ab7c_like; Type: INDEX; Schema: public; Owner: postgres
--

CREATE INDEX auth_user_username_6821ab7c_like ON public.auth_user USING btree (username varchar_pattern_ops);


--
-- Name: django_admin_log_content_type_id_c4bce8eb; Type: INDEX; Schema: public; Owner: postgres
--

CREATE INDEX django_admin_log_content_type_id_c4bce8eb ON public.django_admin_log USING btree (content_type_id);


--
-- Name: django_admin_log_user_id_c564eba6; Type: INDEX; Schema: public; Owner: postgres
--

CREATE INDEX django_admin_log_user_id_c564eba6 ON public.django_admin_log USING btree (user_id);


--
-- Name: django_session_expire_date_a5c62663; Type: INDEX; Schema: public; Owner: postgres
--

CREATE INDEX django_session_expire_date_a5c62663 ON public.django_session USING btree (expire_date);


--
-- Name: django_session_session_key_c0390e0f_like; Type: INDEX; Schema: public; Owner: postgres
--

CREATE INDEX django_session_session_key_c0390e0f_like ON public.django_session USING btree (session_key varchar_pattern_ops);


--
-- Name: app_client app_client_user_ptr_id_c25e3bf5_fk_auth_user_id; Type: FK CONSTRAINT; Schema: public; Owner: postgres
--

ALTER TABLE ONLY public.app_client
    ADD CONSTRAINT app_client_user_ptr_id_c25e3bf5_fk_auth_user_id FOREIGN KEY (user_ptr_id) REFERENCES public.auth_user(id) DEFERRABLE INITIALLY DEFERRED;


--
-- Name: app_image app_image_product_id_bc91e206_fk_app_product_id; Type: FK CONSTRAINT; Schema: public; Owner: postgres
--

ALTER TABLE ONLY public.app_image
    ADD CONSTRAINT app_image_product_id_bc91e206_fk_app_product_id FOREIGN KEY (product_id) REFERENCES public.app_product(id) DEFERRABLE INITIALLY DEFERRED;


--
-- Name: app_order app_order_client_id_ec56fda0_fk_app_client_user_ptr_id; Type: FK CONSTRAINT; Schema: public; Owner: postgres
--

ALTER TABLE ONLY public.app_order
    ADD CONSTRAINT app_order_client_id_ec56fda0_fk_app_client_user_ptr_id FOREIGN KEY (client_id) REFERENCES public.app_client(user_ptr_id) DEFERRABLE INITIALLY DEFERRED;


--
-- Name: app_orderitem app_orderitem_order_id_41257a1b_fk_app_order_id; Type: FK CONSTRAINT; Schema: public; Owner: postgres
--

ALTER TABLE ONLY public.app_orderitem
    ADD CONSTRAINT app_orderitem_order_id_41257a1b_fk_app_order_id FOREIGN KEY (order_id) REFERENCES public.app_order(id) DEFERRABLE INITIALLY DEFERRED;


--
-- Name: app_orderitem app_orderitem_product_id_5f40ddb0_fk_app_product_id; Type: FK CONSTRAINT; Schema: public; Owner: postgres
--

ALTER TABLE ONLY public.app_orderitem
    ADD CONSTRAINT app_orderitem_product_id_5f40ddb0_fk_app_product_id FOREIGN KEY (product_id) REFERENCES public.app_product(id) DEFERRABLE INITIALLY DEFERRED;


--
-- Name: app_product app_product_price_discount_id_7dbaaae6_fk_app_money_id; Type: FK CONSTRAINT; Schema: public; Owner: postgres
--

ALTER TABLE ONLY public.app_product
    ADD CONSTRAINT app_product_price_discount_id_7dbaaae6_fk_app_money_id FOREIGN KEY (price_discount_id) REFERENCES public.app_money(id) DEFERRABLE INITIALLY DEFERRED;


--
-- Name: app_product app_product_price_standard_id_d89f3b08_fk_app_money_id; Type: FK CONSTRAINT; Schema: public; Owner: postgres
--

ALTER TABLE ONLY public.app_product
    ADD CONSTRAINT app_product_price_standard_id_d89f3b08_fk_app_money_id FOREIGN KEY (price_standard_id) REFERENCES public.app_money(id) DEFERRABLE INITIALLY DEFERRED;


--
-- Name: auth_group_permissions auth_group_permissio_permission_id_84c5c92e_fk_auth_perm; Type: FK CONSTRAINT; Schema: public; Owner: postgres
--

ALTER TABLE ONLY public.auth_group_permissions
    ADD CONSTRAINT auth_group_permissio_permission_id_84c5c92e_fk_auth_perm FOREIGN KEY (permission_id) REFERENCES public.auth_permission(id) DEFERRABLE INITIALLY DEFERRED;


--
-- Name: auth_group_permissions auth_group_permissions_group_id_b120cbf9_fk_auth_group_id; Type: FK CONSTRAINT; Schema: public; Owner: postgres
--

ALTER TABLE ONLY public.auth_group_permissions
    ADD CONSTRAINT auth_group_permissions_group_id_b120cbf9_fk_auth_group_id FOREIGN KEY (group_id) REFERENCES public.auth_group(id) DEFERRABLE INITIALLY DEFERRED;


--
-- Name: auth_permission auth_permission_content_type_id_2f476e4b_fk_django_co; Type: FK CONSTRAINT; Schema: public; Owner: postgres
--

ALTER TABLE ONLY public.auth_permission
    ADD CONSTRAINT auth_permission_content_type_id_2f476e4b_fk_django_co FOREIGN KEY (content_type_id) REFERENCES public.django_content_type(id) DEFERRABLE INITIALLY DEFERRED;


--
-- Name: auth_user_groups auth_user_groups_group_id_97559544_fk_auth_group_id; Type: FK CONSTRAINT; Schema: public; Owner: postgres
--

ALTER TABLE ONLY public.auth_user_groups
    ADD CONSTRAINT auth_user_groups_group_id_97559544_fk_auth_group_id FOREIGN KEY (group_id) REFERENCES public.auth_group(id) DEFERRABLE INITIALLY DEFERRED;


--
-- Name: auth_user_groups auth_user_groups_user_id_6a12ed8b_fk_auth_user_id; Type: FK CONSTRAINT; Schema: public; Owner: postgres
--

ALTER TABLE ONLY public.auth_user_groups
    ADD CONSTRAINT auth_user_groups_user_id_6a12ed8b_fk_auth_user_id FOREIGN KEY (user_id) REFERENCES public.auth_user(id) DEFERRABLE INITIALLY DEFERRED;


--
-- Name: auth_user_user_permissions auth_user_user_permi_permission_id_1fbb5f2c_fk_auth_perm; Type: FK CONSTRAINT; Schema: public; Owner: postgres
--

ALTER TABLE ONLY public.auth_user_user_permissions
    ADD CONSTRAINT auth_user_user_permi_permission_id_1fbb5f2c_fk_auth_perm FOREIGN KEY (permission_id) REFERENCES public.auth_permission(id) DEFERRABLE INITIALLY DEFERRED;


--
-- Name: auth_user_user_permissions auth_user_user_permissions_user_id_a95ead1b_fk_auth_user_id; Type: FK CONSTRAINT; Schema: public; Owner: postgres
--

ALTER TABLE ONLY public.auth_user_user_permissions
    ADD CONSTRAINT auth_user_user_permissions_user_id_a95ead1b_fk_auth_user_id FOREIGN KEY (user_id) REFERENCES public.auth_user(id) DEFERRABLE INITIALLY DEFERRED;


--
-- Name: django_admin_log django_admin_log_content_type_id_c4bce8eb_fk_django_co; Type: FK CONSTRAINT; Schema: public; Owner: postgres
--

ALTER TABLE ONLY public.django_admin_log
    ADD CONSTRAINT django_admin_log_content_type_id_c4bce8eb_fk_django_co FOREIGN KEY (content_type_id) REFERENCES public.django_content_type(id) DEFERRABLE INITIALLY DEFERRED;


--
-- Name: django_admin_log django_admin_log_user_id_c564eba6_fk_auth_user_id; Type: FK CONSTRAINT; Schema: public; Owner: postgres
--

ALTER TABLE ONLY public.django_admin_log
    ADD CONSTRAINT django_admin_log_user_id_c564eba6_fk_auth_user_id FOREIGN KEY (user_id) REFERENCES public.auth_user(id) DEFERRABLE INITIALLY DEFERRED;


--
-- PostgreSQL database dump complete
--

